opposition,20
acknowledged,20
buildings,20
persuasion,20
venture,20
altered,20
choice,20
attend,20
remark,20
politeness,20
sentiments,20
earnestly,20
reach,20
bit,20
respectable,20
mistress,20
sending,20
wretched,20
removal,20
rain,20
fresh,20
proud,20
observe,20
listening,20
explanation,20
assistance,20
intimacy,20
parted,20
secure,20
offended,20
prevented,20
intended,20
picture,20
sound,20
god,20
acknowledge,20
express,20
feared,20
informed,20
remaining,20
matters,20
speech,20
village,20
elegant,20
fully,20
deep,20
contrary,20
humour,20
gained,20
claims,20
